program,np,rep,time
sum_mpi,1,1,0.003178
pi_mpi,1,1,0.210768
sum_mpi,1,2,0.003195
pi_mpi,1,2,0.210122
sum_mpi,1,3,0.003277
pi_mpi,1,3,0.210734
sum_mpi,1,4,0.003273
pi_mpi,1,4,0.211193
sum_mpi,1,5,0.003186
pi_mpi,1,5,0.209936
sum_mpi,2,1,0.003514
pi_mpi,2,1,0.134734
sum_mpi,2,2,0.003223
pi_mpi,2,2,0.134315
sum_mpi,2,3,0.003580
pi_mpi,2,3,0.134448
sum_mpi,2,4,0.003478
pi_mpi,2,4,0.134511
sum_mpi,2,5,0.003483
pi_mpi,2,5,0.135194
sum_mpi,4,1,0.006021
pi_mpi,4,1,0.138808
sum_mpi,4,2,0.005908
pi_mpi,4,2,0.135121
sum_mpi,4,3,0.003772
pi_mpi,4,3,0.185442
sum_mpi,4,4,0.003548
pi_mpi,4,4,0.136738
sum_mpi,4,5,0.003777
pi_mpi,4,5,0.142103
sum_mpi,8,1,0.003125
pi_mpi,8,1,0.137185
sum_mpi,8,2,0.003979
pi_mpi,8,2,0.140139
sum_mpi,8,3,0.003239
pi_mpi,8,3,0.138318
sum_mpi,8,4,0.003934
pi_mpi,8,4,0.131497
sum_mpi,8,5,0.004325
pi_mpi,8,5,0.130339
